#MAP: E:\zFAS-Jenkins\workspace\zFAS_AIT_Master_AAT\SW\0300_ApplicationLayer\branches\CL3_REL_320_3XX\0350_SWC-SET\CtApTrailerManeuverAssistIP\05_data\CtApTrailerManeuverAssistIP.map
#symbol: .interp         0x00008154       0x19
#symbol: .dynsym         0x000086f8      0xb10
#symbol: .dynstr         0x00009208      0xc8e
#symbol: .init           0x0000a618        0xc
#symbol: .plt            0x0000a624      0x728
#symbol: .iplt           0x0000ad4c        0x0
#symbol: .text           0x0000ad50    0x343e4
#symbol: .fini           0x0003f134        0x8
#symbol: .rodata         0x0003f140    0x11248
#symbol: .tbss           0x00058480        0x4
#symbol: .jcr            0x00058498        0x4
#symbol: .dynamic        0x0005849c      0x140
#symbol: .got            0x000585dc      0x270
#symbol: .data           0x00058850     0x1650
#symbol: .bss            0x00059ea0  0x10e8ad0
#symbol: .comment        0x00000000       0x11
LIBS;libCtApTrailerManeuverAssistIP.a;lib_CpApTrailerManeuverAssistIP.a;libc_nonshared.a;libgcc.a;liblogInjection_TK1.a;libpthread_nonshared.a;
#CODE;STACK;ROM;RAM
FORMAT;ROM_CODE;STACK;ROM;RAM;RAM_CODE;FastRAM;FastRAM_CODE
HEX;343e4;0;0x46c7c;0x112f74c;343e4;0;0
DEC;213988;0;289916;18020172;213988;0;0
KB;208;0;283;17597;208;0;0
